Image.jpg,whaleID
w_1752.jpg,whale_36851
w_350.jpg,whale_36851
w_5185.jpg,whale_36851
w_5689.jpg,whale_36851
w_6948.jpg,whale_36851
w_8990.jpg,whale_36851
w_2203.jpg,whale_36851
w_4208.jpg,whale_36851
w_5469.jpg,whale_36851
w_5877.jpg,whale_36851
w_6971.jpg,whale_36851
w_9200.jpg,whale_36851
w_2495.jpg,whale_36851
w_4254.jpg,whale_36851
w_5480.jpg,whale_36851
w_6329.jpg,whale_36851
w_7282.jpg,whale_36851
w_9214.jpg,whale_36851
w_2866.jpg,whale_36851
w_4478.jpg,whale_36851
w_5539.jpg,whale_36851
w_6506.jpg,whale_36851
w_7319.jpg,whale_36851
w_9373.jpg,whale_36851
w_293.jpg,whale_36851
w_5165.jpg,whale_36851
w_5662.jpg,whale_36851
w_691.jpg,whale_36851
w_8949.jpg,whale_36851
w_1237.jpg,whale_65586
w_2797.jpg,whale_65586
w_438.jpg,whale_65586
w_540.jpg,whale_65586
w_7299.jpg,whale_65586
w_9073.jpg,whale_65586
w_1997.jpg,whale_65586
w_3235.jpg,whale_65586
w_4390.jpg,whale_65586
w_5549.jpg,whale_65586
w_7382.jpg,whale_65586
w_2162.jpg,whale_65586
w_3309.jpg,whale_65586
w_4507.jpg,whale_65586
w_6186.jpg,whale_65586
w_8333.jpg,whale_65586
w_2211.jpg,whale_65586
w_3809.jpg,whale_65586
w_4574.jpg,whale_65586
w_6214.jpg,whale_65586
w_8354.jpg,whale_65586
w_2355.jpg,whale_65586
w_4284.jpg,whale_65586
w_4892.jpg,whale_65586
w_7165.jpg,whale_65586
w_8819.jpg,whale_65586
w_1196.jpg,whale_90957
w_249.jpg,whale_90957
w_3768.jpg,whale_90957
w_6189.jpg,whale_90957
w_6702.jpg,whale_90957
w_9339.jpg,whale_90957
w_1636.jpg,whale_90957
w_3204.jpg,whale_90957
w_403.jpg,whale_90957
w_636.jpg,whale_90957
w_7090.jpg,whale_90957
w_9343.jpg,whale_90957
w_1832.jpg,whale_90957
w_3296.jpg,whale_90957
w_4452.jpg,whale_90957
w_6383.jpg,whale_90957
w_7389.jpg,whale_90957
w_9402.jpg,whale_90957
w_2247.jpg,whale_90957
w_3389.jpg,whale_90957
w_4592.jpg,whale_90957
w_6431.jpg,whale_90957
w_8118.jpg,whale_90957
w_2419.jpg,whale_90957
w_3718.jpg,whale_90957
w_5202.jpg,whale_90957
w_6552.jpg,whale_90957
w_9058.jpg,whale_90957

